Scenario,Description,% Slashed,Avg Operator APR,Median Operator APR,Avg Delegator APR,Std Dev (Operator APR),Min APR,Max APR,Q1 APR,Q3 APR,% Slashed (aggressive),% Slashed (conservative),% Slashed (moderate),% Slashed (ultra_aggressive)
none,No AVS failure – base case,0.0,0.079,0.0564,0.0671,0.074,0.0325,0.588,0.0453,0.079,0.0,0.0,0.0,0.0
single,1 AVS failure – isolated incident,8.77,0.058,0.0524,0.0493,0.0552,-0.1114,0.5875,0.0414,0.0725,14.52,2.57,5.99,54.71
cascade,5 AVS failure – correlated slashing,29.27,0.0161,0.0443,0.0137,0.0835,-0.6562,0.4693,-0.0278,0.0584,52.8,12.03,26.87,90.0
panic,20 AVS failure – extreme network event,65.19,-0.0995,-0.0457,-0.0846,0.216,-1.0,0.216,-0.1245,0.0395,92.59,41.25,71.97,99.58
